,>sp,Q6ZWJ1,STXB4_HUMAN Syntaxin-binding protein 4 OS=Homo sapiens OX=9606 GN=STXBP4 PE=1 SV=2
0,MNKNTSTVVSPSLLEKDPAFQMITIAKETGLGLKVLGGINRNEGPLVYIQEIIPGGDCYK,,
1,DGRLKPGDQLVSVNKESMIGVSFEEAKSIITGAKLRLESAWEIAFIRQKSDNIQPENLSC,,
2,TSLIEASGEYGPQASTLSLFSSPPEILIPKTSSTPKTNNDILSSCEIKTGYNKTVQIPIT,,
3,SENSTVGLSNTDVASAWTENYGLQEKISLNPSVRFKAEKLEMALNYLGIQPTKEQHQALR,,
4,QQVQADSKGTVSFGDFVQVARNLFCLQLDEVNVGAHEISNILDSQLLPCDSSEADEMERL,,
5,KCERDDALKEVNTLKEKLLESDKQRKQLTEELQNVKQEAKAVVEETRALRSRIHLAEAAQ,,
6,RQAHGMEMDYEEVIRLLEAKITELKAQLADYSDQNKESVQDLKKRIMVLDCQLRKSEMAR,,
7,KTFEASTEKLLHFVEAIQEVFSDNSTPLSNLSERRAVLASQTSLTPLGRNGRSIPATLAL,,
8,ESKELVKSVRALLDMDCLPYGWEEAYTADGIKYFINHVTQTTSWIHPVMSVLNLSRSEEN,,
9,EEDCSRELPNQKS,,
